Mean,Std,Mean,Std,Mean,Std
7.332742857,3.615997235,5.760742857,0.57012127,7.4159,4.611247858
1.285714286,0.56694671,1.071428571,0.188982237,1.333333333,0.605530071
6.103857143,3.258509497,6.6309,2.248973218,6.024666667,2.544777371
1.505,0.704105816,1.391714286,0.212923863,1.553333333,0.923441317
1.214285714,0.698638131,1.071428571,0.83808171,1.333333333,0.516397779
6.857142857,1.345185418,6.142857143,0.690065559,6.833333333,1.602081979
3.428571429,0.975900073,3,0.577350269,3.333333333,0.816496581
38.71428571,14.68235092,34.28571429,12.72418021,39.66666667,13.95229969
